loss,accuracy,val_loss,val_accuracy
0.690050482749939,0.6000000238418579,0.6813398003578186,0.6000000238418579
