loss,accuracy,val_loss,val_accuracy
0.7050172686576843,0.20000000298023224,0.6889160871505737,1.0
