loss,accuracy,val_loss,val_accuracy
0.6762657165527344,0.6000000238418579,0.6831260919570923,0.6000000238418579
