loss,accuracy,val_loss,val_accuracy
0.7271757125854492,0.4000000059604645,0.7187801599502563,0.20000000298023224
