,precision,recall,f1-score,support,modelo,dataset,tempo
0,0.0,0.0,0.0,4.0,roBERTa,sn_desbalanceado,40.35994291305542
1,0.2,1.0,0.33333333333333337,1.0,roBERTa,sn_desbalanceado,40.35994291305542
accuracy,0.2,0.2,0.2,0.2,roBERTa,sn_desbalanceado,40.35994291305542
macro avg,0.1,0.5,0.16666666666666669,5.0,roBERTa,sn_desbalanceado,40.35994291305542
weighted avg,0.04,0.2,0.06666666666666668,5.0,roBERTa,sn_desbalanceado,40.35994291305542
