loss,accuracy,val_loss,val_accuracy
0.6750845909118652,0.800000011920929,0.6749650239944458,0.6000000238418579
