loss,accuracy,val_loss,val_accuracy
0.7071090936660767,0.4000000059604645,0.6596938371658325,0.800000011920929
