,precision,recall,f1-score,support,modelo,dataset,tempo
0,1.0,0.2,0.33333333333333337,5.0,ELECTRA,sn_balanceado,46.9609591960907
1,0.0,0.0,0.0,0.0,ELECTRA,sn_balanceado,46.9609591960907
accuracy,0.2,0.2,0.2,0.2,ELECTRA,sn_balanceado,46.9609591960907
macro avg,0.5,0.1,0.16666666666666669,5.0,ELECTRA,sn_balanceado,46.9609591960907
weighted avg,1.0,0.2,0.33333333333333337,5.0,ELECTRA,sn_balanceado,46.9609591960907
