loss,accuracy,val_loss,val_accuracy
0.7690407633781433,0.20000000298023224,0.7008783221244812,0.4000000059604645
