loss,accuracy,val_loss,val_accuracy
0.7098627686500549,0.20000000298023224,0.6746227145195007,0.800000011920929
