loss,accuracy,val_loss,val_accuracy
0.7765862345695496,0.20000000298023224,0.7121112942695618,0.4000000059604645
