loss,accuracy,val_loss,val_accuracy
,1.0,,0.83349609375
,1.0,,0.83349609375
,1.0,,0.83349609375
