loss,accuracy,val_loss,val_accuracy
0.6793504953384399,0.6000000238418579,0.6631758809089661,0.800000011920929
