loss,accuracy,val_loss,val_accuracy
0.7313817739486694,0.0,0.7000841498374939,0.4000000059604645
