loss,accuracy,val_loss,val_accuracy
0.6167585253715515,1.0,0.6184320449829102,0.800000011920929
0.58152836561203,1.0,0.5829285383224487,0.800000011920929
0.46014347672462463,1.0,0.4688151776790619,0.800000011920929
