,precision,recall,f1-score,support,modelo,dataset,tempo
0,0.8,1.0,0.888888888888889,4.0,XLMR,sn_desbalanceado,57.92388963699341
1,0.0,0.0,0.0,1.0,XLMR,sn_desbalanceado,57.92388963699341
accuracy,0.8,0.8,0.8,0.8,XLMR,sn_desbalanceado,57.92388963699341
macro avg,0.4,0.5,0.4444444444444445,5.0,XLMR,sn_desbalanceado,57.92388963699341
weighted avg,0.64,0.8,0.7111111111111111,5.0,XLMR,sn_desbalanceado,57.92388963699341
