loss,accuracy,val_loss,val_accuracy
0.7080196142196655,0.20000000298023224,0.6839714646339417,0.800000011920929
