loss,accuracy,val_loss,val_accuracy
0.1564859300851822,0.9424358010292053,0.10025710612535477,0.9653937816619873
0.11207924783229828,0.955756425857544,0.0955503061413765,0.9701670408248901
0.09134632349014282,0.9709800481796265,0.0954647809267044,0.9600238800048828
