,precision,recall,f1-score,support,modelo
0,0.9962928637627433,0.970508576587421,0.9832317073170732,3323.0,hn_desbalanceado
1,0.8693333333333333,0.9819277108433735,0.9222065063649222,664.0,hn_desbalanceado
accuracy,0.9724103335841485,0.9724103335841485,0.9724103335841485,0.9724103335841485,hn_desbalanceado
macro avg,0.9328130985480383,0.9762181437153972,0.9527191068409977,3987.0,hn_desbalanceado
weighted avg,0.9751488637112941,0.9724103335841485,0.9730684935141566,3987.0,hn_desbalanceado
