,precision,recall,f1-score,support,modelo
0,0.988647114474929,0.9952380952380953,0.9919316563834837,2100.0,sn_balanceado
1,0.9753694581280788,0.9428571428571428,0.9588377723970943,420.0,sn_balanceado
accuracy,0.9865079365079366,0.9865079365079366,0.9865079365079366,0.9865079365079366,sn_balanceado
macro avg,0.9820082863015039,0.969047619047619,0.975384714390289,2520.0,sn_balanceado
weighted avg,0.9864341717504539,0.9865079365079366,0.9864160090524188,2520.0,sn_balanceado
