loss,accuracy,val_loss,val_accuracy
0.07620522379875183,0.9750238060951233,0.05119052529335022,0.9880668520927429
0.037064697593450546,0.9878687262535095,0.04036738723516464,0.9880668520927429
0.03231273591518402,0.9897716641426086,0.05349632725119591,0.9862768650054932
