,precision,recall,f1-score,support,modelo,dataset,tempo
0,0.9771968854282537,0.8366666666666667,0.9014879425346332,2100.0,BoW_svc,hn_balanceado,470.30147981643677
1,0.5249307479224377,0.9023809523809524,0.6637478108581437,420.0,BoW_svc,hn_balanceado,470.30147981643677
accuracy,0.8476190476190476,0.8476190476190476,0.8476190476190476,0.8476190476190476,BoW_svc,hn_balanceado,470.30147981643677
macro avg,0.7510638166753456,0.8695238095238096,0.7826178766963885,2520.0,BoW_svc,hn_balanceado,470.30147981643677
weighted avg,0.9018191958439511,0.8476190476190476,0.8618645872552182,2520.0,BoW_svc,hn_balanceado,470.30147981643677
