,precision,recall,f1-score,support,modelo,dataset,tempo
0,0.833664152441445,1.0,0.9092877246157177,2100.0,BoW_rf,sn_balanceado,1474.9410128593445
1,1.0,0.002380952380952381,0.004750593824228029,420.0,BoW_rf,sn_balanceado,1474.9410128593445
accuracy,0.8337301587301588,0.8337301587301588,0.8337301587301588,0.8337301587301588,BoW_rf,sn_balanceado,1474.9410128593445
macro avg,0.9168320762207225,0.5011904761904762,0.4570191592199729,2520.0,BoW_rf,sn_balanceado,1474.9410128593445
weighted avg,0.8613867937012042,0.8337301587301588,0.7585315361504694,2520.0,BoW_rf,sn_balanceado,1474.9410128593445
