,precision,recall,f1-score,support,modelo,dataset,tempo
0,0.9955005624296963,0.8428571428571429,0.9128416709644147,2100.0,Cos_03,hn_balanceado,0.38899850845336914
1,0.555256064690027,0.9809523809523809,0.7091222030981067,420.0,Cos_03,hn_balanceado,0.38899850845336914
accuracy,0.8658730158730159,0.8658730158730159,0.8658730158730159,0.8658730158730159,Cos_03,hn_balanceado,0.38899850845336914
macro avg,0.7753783135598616,0.9119047619047619,0.8109819370312608,2520.0,Cos_03,hn_balanceado,0.38899850845336914
weighted avg,0.9221264794730847,0.8658730158730159,0.87888842632003,2520.0,Cos_03,hn_balanceado,0.38899850845336914
