loss,accuracy,val_loss,val_accuracy
0.6217575669288635,1.0,0.6397107243537903,0.800000011920929
0.5843979120254517,1.0,0.6275523900985718,0.800000011920929
0.557623028755188,1.0,0.6153425574302673,0.800000011920929
