,precision,recall,f1-score,support,modelo,dataset,tempo
0,0.9793330201972757,0.9928571428571429,0.9860487112792622,2100.0,BERT,hn_balanceado,3463.75084733963
1,0.9616368286445013,0.8952380952380953,0.9272503082614058,420.0,BERT,hn_balanceado,3463.75084733963
accuracy,0.9765873015873016,0.9765873015873016,0.9765873015873016,0.9765873015873016,BERT,hn_balanceado,3463.75084733963
macro avg,0.9704849244208885,0.944047619047619,0.956649509770334,2520.0,BERT,hn_balanceado,3463.75084733963
weighted avg,0.9763836549384799,0.9765873015873016,0.9762489774429528,2520.0,BERT,hn_balanceado,3463.75084733963
