,precision,recall,f1-score,support,modelo
0,0.9634089856415007,0.9904761904761905,0.9767551068325898,2100.0,hn_balanceado
1,0.9445983379501385,0.8119047619047619,0.8732394366197184,420.0,hn_balanceado
accuracy,0.9607142857142857,0.9607142857142857,0.9607142857142857,0.9607142857142857,hn_balanceado
macro avg,0.9540036617958196,0.9011904761904762,0.9249972717261541,2520.0,hn_balanceado
weighted avg,0.9602738776929403,0.9607142857142857,0.9595024951304447,2520.0,hn_balanceado
