loss,accuracy,val_loss,val_accuracy
0.15026770532131195,0.9462416768074036,0.06108966842293739,0.9767302870750427
0.07799500226974487,0.9762131571769714,0.204860121011734,0.9522672891616821
0.059523049741983414,0.9831113219261169,0.11483165621757507,0.9785202741622925
