loss,accuracy,val_loss,val_accuracy
0.8107179403305054,0.0,0.6520205736160278,0.6000000238418579
