,precision,recall,f1-score,support,modelo,dataset,tempo
0,0.9939265107804434,0.9849533554017454,0.9894195888754536,3323.0,BERT,hn_desbalanceado,5446.7751288414
1,0.9279538904899135,0.9698795180722891,0.9484536082474226,664.0,BERT,hn_desbalanceado,5446.7751288414
accuracy,0.982442939553549,0.982442939553549,0.982442939553549,0.982442939553549,BERT,hn_desbalanceado,5446.7751288414
macro avg,0.9609402006351784,0.9774164367370173,0.9689365985614381,3987.0,BERT,hn_desbalanceado,5446.7751288414
weighted avg,0.9829393475316568,0.982442939553549,0.9825970628817208,3987.0,BERT,hn_desbalanceado,5446.7751288414
