loss,accuracy,val_loss,val_accuracy
0.12824876606464386,0.9530897736549377,0.1166430190205574,0.9611613750457764
0.07160869985818863,0.9768455624580383,0.06510814279317856,0.9796379804611206
0.05291803553700447,0.9839121699333191,0.059000156819820404,0.9841628670692444
