loss,accuracy,val_loss,val_accuracy
0.6185653805732727,0.800000011920929,0.561743438243866,0.800000011920929
