loss,accuracy,val_loss,val_accuracy
0.1201341450214386,0.9566982388496399,0.06191875785589218,0.9773755669593811
0.06545373797416687,0.9771462678909302,0.1256515234708786,0.9604072570800781
0.04715409502387047,0.9855660796165466,0.09971074014902115,0.9736047983169556
