loss,accuracy,val_loss,val_accuracy
0.0679568499326706,0.9776403307914734,0.04913812875747681,0.9892601370811462
0.04061177745461464,0.9871550798416138,0.053628385066986084,0.982100248336792
0.03089209645986557,0.9916746020317078,0.0485023595392704,0.9892601370811462
