,precision,recall,f1-score,support,modelo,dataset,tempo
0,0.991904761904762,0.991904761904762,0.991904761904762,2100.0,BERT,sn_balanceado,3437.1805069446564
1,0.9595238095238096,0.9595238095238096,0.9595238095238096,420.0,BERT,sn_balanceado,3437.1805069446564
accuracy,0.9865079365079366,0.9865079365079366,0.9865079365079366,0.9865079365079366,BERT,sn_balanceado,3437.1805069446564
macro avg,0.9757142857142858,0.9757142857142858,0.9757142857142858,2520.0,BERT,sn_balanceado,3437.1805069446564
weighted avg,0.9865079365079366,0.9865079365079366,0.9865079365079366,2520.0,BERT,sn_balanceado,3437.1805069446564
