,precision,recall,f1-score,support,modelo,dataset,tempo
0,1.0,0.4,0.5714285714285715,5.0,BERT,sn_balanceado,41.93621492385864
1,0.0,0.0,0.0,0.0,BERT,sn_balanceado,41.93621492385864
accuracy,0.4,0.4,0.4,0.4,BERT,sn_balanceado,41.93621492385864
macro avg,0.5,0.2,0.28571428571428575,5.0,BERT,sn_balanceado,41.93621492385864
weighted avg,1.0,0.4,0.5714285714285715,5.0,BERT,sn_balanceado,41.93621492385864
