loss,accuracy,val_loss,val_accuracy
0.6449556350708008,0.6000000238418579,0.6385647654533386,0.6000000238418579
