,precision,recall,f1-score,support,modelo,dataset,tempo
0,0.9945929708621207,0.9963888052964189,0.9954900781719782,3323.0,BERT,sn_desbalanceado,5426.503144979477
1,0.9817629179331308,0.9728915662650602,0.9773071104387292,664.0,BERT,sn_desbalanceado,5426.503144979477
accuracy,0.9924755455229496,0.9924755455229496,0.9924755455229496,0.9924755455229496,BERT,sn_desbalanceado,5426.503144979477
macro avg,0.9881779443976257,0.9846401857807396,0.9863985943053537,3987.0,BERT,sn_desbalanceado,5426.503144979477
weighted avg,0.9924562376931091,0.9924755455229496,0.9924618638316528,3987.0,BERT,sn_desbalanceado,5426.503144979477
