loss,accuracy,val_loss,val_accuracy
0.07912580668926239,0.9726356863975525,0.06565210968255997,0.9834087491035461
0.04744808375835419,0.9860171675682068,0.049660567194223404,0.9803921580314636
0.032014377415180206,0.9911291599273682,0.031587548553943634,0.9913272857666016
