loss,accuracy,val_loss,val_accuracy
0.6747390627861023,0.6000000238418579,0.659583330154419,0.800000011920929
