,precision,recall,f1-score,support,modelo
0,0.9969456322541234,0.9822449593740595,0.9895407003183264,3323.0,sn_desbalanceado
1,0.9172510518934082,0.9849397590361446,0.9498910675381264,664.0,sn_desbalanceado
accuracy,0.9826937547027841,0.9826937547027841,0.9826937547027841,0.9826937547027841,sn_desbalanceado
macro avg,0.9570983420737658,0.9835923592051021,0.9697158839282264,3987.0,sn_desbalanceado
weighted avg,0.9836731964980373,0.9826937547027841,0.9829374005525745,3987.0,sn_desbalanceado
