loss,accuracy,val_loss,val_accuracy
0.07595244795084,0.9769959449768066,0.033767037093639374,0.9894419312477112
0.04110291227698326,0.9861674904823303,0.049269333481788635,0.9860482811927795
0.03100784868001938,0.9893249273300171,0.06876973062753677,0.9826545715332031
